{
  "parent": "minecraft:item/generated",
  "textures": {
    "layer0": "minecraft:item/paper"
  },
   "overrides":
   [
		{"predicate":{"custom_model_data":1000},"model":"vsmp:item/flattiplushie"},
		{"predicate":{"custom_model_data":1001},"model":"vsmp:item/tackplushie"},
		{"predicate":{"custom_model_data":1002},"model":"vsmp:item/jayfplushie"},
		{"predicate":{"custom_model_data":1003},"model":"vsmp:item/toxumiplushie"},
		{"predicate":{"custom_model_data":1004},"model":"vsmp:item/benbyyplushie"},
		{"predicate":{"custom_model_data":1005},"model":"vsmp:item/mariskaplushie"},
		{"predicate":{"custom_model_data":2000},"model":"vsmp:item/star"}
   ]
}