{
	"credit": "Made with Blockbench",
	"textures": {
		"0": "vsmp:block/waystoneside",
		"1": "vsmp:block/waystonebottom",
		"2": "vsmp:block/waystonetop",
		"particle": "vsmp:block/waystoneside"
	},
	"elements": [
		{
			"from": [0, 0, 0],
			"to": [16, 2, 16],
			"faces": {
				"north": {"uv": [0, 14, 16, 16], "texture": "#0"},
				"east": {"uv": [0, 14, 16, 16], "texture": "#0"},
				"south": {"uv": [0, 14, 16, 16], "texture": "#0"},
				"west": {"uv": [0, 14, 16, 16], "texture": "#0"},
				"up": {"uv": [0, 0, 16, 16], "texture": "#1"},
				"down": {"uv": [0, 0, 16, 16], "texture": "#1"}
			}
		},
		{
			"from": [1, 2, 1],
			"to": [15, 3, 15],
			"faces": {
				"north": {"uv": [1, 13, 15, 14], "texture": "#0"},
				"east": {"uv": [1, 13, 15, 14], "texture": "#0"},
				"south": {"uv": [1, 13, 15, 14], "texture": "#0"},
				"west": {"uv": [1, 13, 15, 14], "texture": "#0"},
				"up": {"uv": [1, 1, 15, 15], "texture": "#1"},
				"down": {"uv": [1, 1, 15, 15], "texture": "#1"}
			}
		},
		{
			"from": [3, 3, 3],
			"to": [13, 9, 13],
			"faces": {
				"north": {"uv": [3, 7, 13, 13], "texture": "#0"},
				"east": {"uv": [3, 7, 13, 13], "texture": "#0"},
				"south": {"uv": [3, 7, 13, 13], "texture": "#0"},
				"west": {"uv": [3, 7, 13, 13], "texture": "#0"},
				"up": {"uv": [3, 3, 13, 13], "texture": "#1"},
				"down": {"uv": [3, 3, 13, 13], "texture": "#1"}
			}
		},
		{
			"from": [2, 9, 2],
			"to": [14, 13, 14],
			"faces": {
				"north": {"uv": [2, 3, 14, 7], "texture": "#0"},
				"east": {"uv": [2, 3, 14, 7], "texture": "#0"},
				"south": {"uv": [2, 3, 14, 7], "texture": "#0"},
				"west": {"uv": [2, 3, 14, 7], "texture": "#0"},
				"up": {"uv": [2, 2, 14, 14], "texture": "#1"},
				"down": {"uv": [2, 2, 14, 14], "texture": "#1"}
			}
		},
		{
			"from": [1, 13, 1],
			"to": [15, 14, 15],
			"faces": {
				"north": {"uv": [1, 2, 15, 3], "texture": "#0"},
				"east": {"uv": [1, 2, 15, 3], "texture": "#0"},
				"south": {"uv": [1, 2, 15, 3], "texture": "#0"},
				"west": {"uv": [1, 2, 15, 3], "texture": "#0"},
				"up": {"uv": [1, 1, 15, 15], "texture": "#1"},
				"down": {"uv": [1, 1, 15, 15], "texture": "#1"}
			}
		},
		{
			"from": [0, 14, 0],
			"to": [16, 16, 16],
			"faces": {
				"north": {"uv": [0, 0, 16, 2], "texture": "#0"},
				"east": {"uv": [0, 0, 16, 2], "texture": "#0"},
				"south": {"uv": [0, 0, 16, 2], "texture": "#0"},
				"west": {"uv": [0, 0, 16, 2], "texture": "#0"},
				"up": {"uv": [0, 0, 16, 16], "texture": "#2"},
				"down": {"uv": [0, 0, 16, 16], "texture": "#1"}
			}
		}
	],
	"display": {
		"thirdperson_righthand": {
			"rotation": [75, 45, 0],
			"translation": [0, 2.5, 0],
			"scale": [0.375, 0.375, 0.375]
		},
		"thirdperson_lefthand": {
			"rotation": [75, 45, 0],
			"translation": [0, 2.5, 0],
			"scale": [0.375, 0.375, 0.375]
		},
		"firstperson_righthand": {
			"rotation": [0, 45, 0],
			"scale": [0.4, 0.4, 0.4]
		},
		"firstperson_lefthand": {
			"rotation": [0, 225, 0],
			"scale": [0.4, 0.4, 0.4]
		},
		"ground": {
			"translation": [0, 3, 0],
			"scale": [0.25, 0.25, 0.25]
		},
		"gui": {
			"rotation": [30, 225, 0],
			"scale": [0.625, 0.625, 0.625]
		},
		"fixed": {
			"scale": [0.5, 0.5, 0.5]
		}
	}
}