{
  "parent": "minecraft:item/generated",
  "textures": {
    "layer0": "minecraft:item/redstone"
  },
   "overrides":
   [
		{"predicate":{"custom_model_data":1},"model":"vsmp:item/1"},
		{"predicate":{"custom_model_data":2},"model":"vsmp:item/2"},
		{"predicate":{"custom_model_data":3},"model":"vsmp:item/3"},
		{"predicate":{"custom_model_data":4},"model":"vsmp:item/4"},
		{"predicate":{"custom_model_data":5},"model":"vsmp:item/5"},
		{"predicate":{"custom_model_data":6},"model":"vsmp:item/6"},
		{"predicate":{"custom_model_data":7},"model":"vsmp:item/7"},
		{"predicate":{"custom_model_data":8},"model":"vsmp:item/8"},
		{"predicate":{"custom_model_data":9},"model":"vsmp:item/9"},
		{"predicate":{"custom_model_data":10},"model":"vsmp:item/10"},
		{"predicate":{"custom_model_data":11},"model":"vsmp:item/11"},
		{"predicate":{"custom_model_data":12},"model":"vsmp:item/12"},
		{"predicate":{"custom_model_data":13},"model":"vsmp:item/13"},
		{"predicate":{"custom_model_data":14},"model":"vsmp:item/14"},
		{"predicate":{"custom_model_data":15},"model":"vsmp:item/15"},
		{"predicate":{"custom_model_data":16},"model":"vsmp:item/16"},
		{"predicate":{"custom_model_data":17},"model":"vsmp:item/17"},
		{"predicate":{"custom_model_data":18},"model":"vsmp:item/18"},
		{"predicate":{"custom_model_data":19},"model":"vsmp:item/19"},
		{"predicate":{"custom_model_data":20},"model":"vsmp:item/20"},
		{"predicate":{"custom_model_data":100},"model":"vsmp:item/settings"},
		{"predicate":{"custom_model_data":101},"model":"vsmp:item/poweron"},
		{"predicate":{"custom_model_data":102},"model":"vsmp:item/poweroff"},
		{"predicate":{"custom_model_data":301},"model":"vsmp:item/warp1"},
		{"predicate":{"custom_model_data":302},"model":"vsmp:item/warp2"},
		{"predicate":{"custom_model_data":303},"model":"vsmp:item/warp3"},
		{"predicate":{"custom_model_data":304},"model":"vsmp:item/warp4"},
		{"predicate":{"custom_model_data":305},"model":"vsmp:item/warp5"},
		{"predicate":{"custom_model_data":1000},"model":"vsmp:item/blank"}
   ]
}