{
	"credit": "Made with Blockbench",
	"texture_size": [32, 32],
	"textures": {
		"0": "block/spruce_log",
		"1": "vsmp:block/mailbox",
		"particle": "block/spruce_log"
	},
	"elements": [
		{
			"from": [6, 22, -2],
			"to": [10, 23, 6],
			"faces": {
				"north": {"uv": [9.5, 6, 11.5, 6.5], "texture": "#1"},
				"east": {"uv": [9.5, 2.5, 13.5, 3], "texture": "#1"},
				"south": {"uv": [9.5, 6.5, 11.5, 7], "texture": "#1"},
				"west": {"uv": [9.5, 5.5, 13.5, 6], "texture": "#1"},
				"up": {"uv": [9.5, 9.5, 7.5, 5.5], "texture": "#1"},
				"down": {"uv": [5.5, 9.5, 3.5, 13.5], "texture": "#1"}
			}
		},
		{
			"from": [5, 17, -2],
			"to": [11, 22, 6],
			"faces": {
				"north": {"uv": [9.5, 0, 12.5, 2.5], "texture": "#1"},
				"east": {"uv": [7, 3, 11, 5.5], "texture": "#1"},
				"south": {"uv": [5.5, 9.5, 8.5, 12], "texture": "#1"},
				"west": {"uv": [3.5, 7, 7.5, 9.5], "texture": "#1"},
				"up": {"uv": [3, 4, 0, 0], "texture": "#1"},
				"down": {"uv": [6, 0, 3, 4], "texture": "#1"}
			}
		},
		{
			"from": [6, 0, 6],
			"to": [10, 16, 10],
			"faces": {
				"north": {"uv": [6, 0, 10, 16], "texture": "#0"},
				"east": {"uv": [6, 0, 10, 16], "texture": "#0"},
				"south": {"uv": [6, 0, 10, 16], "texture": "#0"},
				"west": {"uv": [6, 0, 10, 16], "texture": "#0"},
				"up": {"uv": [6, 6, 10, 10], "texture": "#0"},
				"down": {"uv": [6, 6, 10, 10], "texture": "#0"}
			}
		},
		{
			"from": [6, 16, 6],
			"to": [10, 22, 10],
			"faces": {
				"north": {"uv": [6, 10, 10, 16], "texture": "#0"},
				"east": {"uv": [6, 10, 10, 16], "texture": "#0"},
				"south": {"uv": [6, 10, 10, 16], "texture": "#0"},
				"west": {"uv": [6, 10, 10, 16], "texture": "#0"},
				"up": {"uv": [6, 6, 10, 10], "texture": "#0"},
				"down": {"uv": [6, 6, 10, 10], "texture": "#0"}
			}
		},
		{
			"from": [7.5, 22.25, -2.25],
			"to": [8.5, 23.25, -1.25],
			"faces": {
				"north": {"uv": [0.5, 10, 1, 10.5], "texture": "#1"},
				"east": {"uv": [1, 10, 1.5, 10.5], "texture": "#1"},
				"south": {"uv": [1.5, 10, 2, 10.5], "texture": "#1"},
				"west": {"uv": [2, 10, 2.5, 10.5], "texture": "#1"},
				"up": {"uv": [3, 10.5, 2.5, 10], "texture": "#1"},
				"down": {"uv": [3.5, 10, 3, 10.5], "texture": "#1"}
			}
		},
		{
			"from": [4.5, 20, 0],
			"to": [5, 21, 3],
			"rotation": {"angle": 0, "axis": "x", "origin": [5, 20.5, 0.5]},
			"faces": {
				"north": {"uv": [6, 3, 6.5, 3.5], "texture": "#1"},
				"east": {"uv": [9.5, 7, 11, 7.5], "texture": "#1"},
				"south": {"uv": [6, 3.5, 6.5, 4], "texture": "#1"},
				"west": {"uv": [9.5, 7.5, 11, 8], "texture": "#1"},
				"up": {"uv": [7.5, 7, 7, 5.5], "texture": "#1"},
				"down": {"uv": [10, 8, 9.5, 9.5], "texture": "#1"}
			}
		},
		{
			"from": [4.5, 19, 2],
			"to": [5, 20, 3],
			"rotation": {"angle": 0, "axis": "x", "origin": [5, 20.5, 0.5]},
			"faces": {
				"north": {"uv": [6.5, 3, 7, 3.5], "texture": "#1"},
				"east": {"uv": [6.5, 3.5, 7, 4], "texture": "#1"},
				"south": {"uv": [8.5, 9.5, 9, 10], "texture": "#1"},
				"west": {"uv": [9, 9.5, 9.5, 10], "texture": "#1"},
				"up": {"uv": [10, 10, 9.5, 9.5], "texture": "#1"},
				"down": {"uv": [0.5, 10, 0, 10.5], "texture": "#1"}
			}
		},
		{
			"from": [6, 11, 5],
			"to": [6.5, 12, 6],
			"faces": {
				"north": {"uv": [6.5, 6.5, 7, 7], "texture": "#1"},
				"east": {"uv": [6.5, 6.5, 7, 7], "texture": "#1"},
				"south": {"uv": [6.5, 6.5, 7, 7], "texture": "#1"},
				"west": {"uv": [6.5, 6.5, 7, 7], "texture": "#1"},
				"up": {"uv": [6.5, 6.5, 7, 7], "texture": "#1"},
				"down": {"uv": [6.5, 6.5, 7, 7], "texture": "#1"}
			}
		},
		{
			"from": [6, 12, 4],
			"to": [6.5, 14, 5],
			"faces": {
				"north": {"uv": [6, 5.5, 6.5, 6.5], "texture": "#1"},
				"east": {"uv": [6, 5.5, 6.5, 6.5], "texture": "#1"},
				"south": {"uv": [6, 5.5, 6.5, 6.5], "texture": "#1"},
				"west": {"uv": [6, 5.5, 6.5, 6.5], "texture": "#1"},
				"up": {"uv": [6, 5.5, 6.5, 6], "texture": "#1"},
				"down": {"uv": [6, 6, 6.5, 6.5], "texture": "#1"}
			}
		},
		{
			"from": [6, 14, 3],
			"to": [6.5, 15, 4],
			"faces": {
				"north": {"uv": [5.5, 5, 6, 5.5], "texture": "#1"},
				"east": {"uv": [5.5, 5, 6, 5.5], "texture": "#1"},
				"south": {"uv": [5.5, 5, 6, 5.5], "texture": "#1"},
				"west": {"uv": [5.5, 5, 6, 5.5], "texture": "#1"},
				"up": {"uv": [5.5, 5, 6, 5.5], "texture": "#1"},
				"down": {"uv": [5.5, 5, 6, 5.5], "texture": "#1"}
			}
		},
		{
			"from": [6, 15, 1],
			"to": [6.5, 16, 3],
			"faces": {
				"north": {"uv": [4.5, 4.5, 5, 5], "texture": "#1"},
				"east": {"uv": [4.5, 4.5, 5.5, 5], "rotation": 180, "texture": "#1"},
				"south": {"uv": [5, 4.5, 5.5, 5], "texture": "#1"},
				"west": {"uv": [4.5, 4.5, 5.5, 5], "texture": "#1"},
				"up": {"uv": [4.5, 4.5, 5.5, 5], "rotation": 90, "texture": "#1"},
				"down": {"uv": [4.5, 4.5, 5.5, 5], "rotation": 270, "texture": "#1"}
			}
		},
		{
			"from": [6, 16, -1],
			"to": [6.5, 17, 1],
			"faces": {
				"north": {"uv": [3.5, 4, 4, 4.5], "texture": "#1"},
				"east": {"uv": [3.5, 4, 4.5, 4.5], "rotation": 180, "texture": "#1"},
				"south": {"uv": [4, 4, 4.5, 4.5], "texture": "#1"},
				"west": {"uv": [3.5, 4, 4.5, 4.5], "texture": "#1"},
				"up": {"uv": [3.5, 4, 4.5, 4.5], "rotation": 270, "texture": "#1"},
				"down": {"uv": [3.5, 4, 4.5, 4.5], "rotation": 270, "texture": "#1"}
			}
		},
		{
			"from": [9.5, 16, -1],
			"to": [10, 17, 1],
			"faces": {
				"north": {"uv": [3.5, 4, 4, 4.5], "texture": "#1"},
				"east": {"uv": [3.5, 4, 4.5, 4.5], "rotation": 180, "texture": "#1"},
				"south": {"uv": [4, 4, 4.5, 4.5], "texture": "#1"},
				"west": {"uv": [3.5, 4, 4.5, 4.5], "texture": "#1"},
				"up": {"uv": [3.5, 4, 4.5, 4.5], "rotation": 270, "texture": "#1"},
				"down": {"uv": [3.5, 4, 4.5, 4.5], "rotation": 270, "texture": "#1"}
			}
		},
		{
			"from": [9.5, 11, 5],
			"to": [10, 12, 6],
			"faces": {
				"north": {"uv": [6.5, 6.5, 7, 7], "texture": "#1"},
				"east": {"uv": [6.5, 6.5, 7, 7], "texture": "#1"},
				"south": {"uv": [6.5, 6.5, 7, 7], "texture": "#1"},
				"west": {"uv": [6.5, 6.5, 7, 7], "texture": "#1"},
				"up": {"uv": [6.5, 6.5, 7, 7], "texture": "#1"},
				"down": {"uv": [6.5, 6.5, 7, 7], "texture": "#1"}
			}
		},
		{
			"from": [9.5, 12, 4],
			"to": [10, 14, 5],
			"faces": {
				"north": {"uv": [6, 5.5, 6.5, 6.5], "texture": "#1"},
				"east": {"uv": [6, 5.5, 6.5, 6.5], "texture": "#1"},
				"south": {"uv": [6, 5.5, 6.5, 6.5], "texture": "#1"},
				"west": {"uv": [6, 5.5, 6.5, 6.5], "texture": "#1"},
				"up": {"uv": [6, 5.5, 6.5, 6], "texture": "#1"},
				"down": {"uv": [6, 6, 6.5, 6.5], "texture": "#1"}
			}
		},
		{
			"from": [9.5, 14, 3],
			"to": [10, 15, 4],
			"faces": {
				"north": {"uv": [5.5, 5, 6, 5.5], "texture": "#1"},
				"east": {"uv": [5.5, 5, 6, 5.5], "texture": "#1"},
				"south": {"uv": [5.5, 5, 6, 5.5], "texture": "#1"},
				"west": {"uv": [5.5, 5, 6, 5.5], "texture": "#1"},
				"up": {"uv": [5.5, 5, 6, 5.5], "texture": "#1"},
				"down": {"uv": [5.5, 5, 6, 5.5], "texture": "#1"}
			}
		},
		{
			"from": [9.5, 15, 1],
			"to": [10, 16, 3],
			"faces": {
				"north": {"uv": [4.5, 4.5, 5, 5], "texture": "#1"},
				"east": {"uv": [4.5, 4.5, 5.5, 5], "rotation": 180, "texture": "#1"},
				"south": {"uv": [5, 4.5, 5.5, 5], "texture": "#1"},
				"west": {"uv": [4.5, 4.5, 5.5, 5], "texture": "#1"},
				"up": {"uv": [4.5, 4.5, 5.5, 5], "rotation": 90, "texture": "#1"},
				"down": {"uv": [4.5, 4.5, 5.5, 5], "rotation": 270, "texture": "#1"}
			}
		}
	],
	"display": {
		"thirdperson_righthand": {
			"translation": [0, 3, 1],
			"scale": [0.55, 0.55, 0.55]
		},
		"thirdperson_lefthand": {
			"translation": [0, 3, 1],
			"scale": [0.55, 0.55, 0.55]
		},
		"firstperson_righthand": {
			"rotation": [0, 105, 0],
			"translation": [2.25, 0, 0],
			"scale": [0.4, 0.4, 0.4]
		},
		"firstperson_lefthand": {
			"rotation": [0, 105, 0],
			"translation": [2.25, 0, 0],
			"scale": [0.4, 0.4, 0.4]
		},
		"ground": {
			"translation": [0, 3, 0],
			"scale": [0.25, 0.25, 0.25]
		},
		"gui": {
			"rotation": [30, 225, 0],
			"translation": [0, -1.5, 0],
			"scale": [0.625, 0.625, 0.625]
		},
		"head": {
			"translation": [0, -17.6, 0],
			"scale": [1.6, 1.6, 1.6]
		},
		"fixed": {
			"translation": [0, -1.5, 0],
			"scale": [0.5, 0.5, 0.5]
		}
	},
	"groups": [
		0,
		1,
		2,
		3,
		4,
		{
			"name": "group",
			"origin": [5, 3.5, 6.5],
			"color": 0,
			"children": [5, 6]
		},
		7,
		8,
		9,
		10,
		11,
		12,
		13,
		14,
		15,
		16
	]
}