{
	"credit": "Made with Blockbench",
	"texture_size": [64, 64],
	"textures": {
		"0": "vsmp:block/plushietemplate",
		"particle": "vsmp:block/plushietemplate"
	},
	"elements": [
		{
			"from": [5, 4.78912, 6.68297],
			"to": [11, 10.78912, 12.68297],
			"rotation": {"angle": 22.5, "axis": "x", "origin": [8, 5, 10]},
			"faces": {
				"north": {"uv": [1.5, 4.5, 3, 6], "texture": "#0"},
				"east": {"uv": [0, 4.5, 1.5, 6], "texture": "#0"},
				"south": {"uv": [4.5, 4.5, 6, 6], "texture": "#0"},
				"west": {"uv": [3, 4.5, 4.5, 6], "texture": "#0"},
				"up": {"uv": [3, 4.5, 1.5, 3], "texture": "#0"},
				"down": {"uv": [4.5, 3, 3, 4.5], "texture": "#0"}
			}
		},
		{
			"from": [4.7564, 4.55136, 6.35851],
			"to": [11.2436, 11.03856, 12.84571],
			"rotation": {"angle": 22.5, "axis": "x", "origin": [8, 4.79967, 9.94488]},
			"faces": {
				"north": {"uv": [1.5, 1.5, 3, 3], "texture": "#0"},
				"east": {"uv": [0, 1.5, 1.5, 3], "texture": "#0"},
				"south": {"uv": [4.5, 1.5, 6, 3], "texture": "#0"},
				"west": {"uv": [3, 1.5, 4.5, 3], "texture": "#0"},
				"up": {"uv": [3, 1.5, 1.5, 0], "texture": "#0"},
				"down": {"uv": [4.5, 0, 3, 1.5], "texture": "#0"}
			}
		},
		{
			"from": [6, 0.75, 7],
			"to": [10, 5.75, 9],
			"rotation": {"angle": 22.5, "axis": "x", "origin": [8, 1, 8]},
			"faces": {
				"north": {"uv": [7, 7, 8, 8.25], "texture": "#0"},
				"east": {"uv": [6.5, 7, 7, 8.25], "texture": "#0"},
				"south": {"uv": [8.5, 7, 9.5, 8.25], "texture": "#0"},
				"west": {"uv": [8, 7, 8.5, 8.25], "texture": "#0"},
				"up": {"uv": [8, 7, 7, 6.5], "texture": "#0"},
				"down": {"uv": [9, 6.5, 8, 7], "texture": "#0"}
			}
		},
		{
			"from": [5.79354, 0.50764, 6.81776],
			"to": [10.20646, 6.0238, 9.02422],
			"rotation": {"angle": 22.5, "axis": "x", "origin": [8, 0.80925, 7.92099]},
			"faces": {
				"north": {"uv": [4, 7, 5, 8.25], "texture": "#0"},
				"east": {"uv": [3.5, 7, 4, 8.25], "texture": "#0"},
				"south": {"uv": [5.5, 7, 6.5, 8.25], "texture": "#0"},
				"west": {"uv": [5, 7, 5.5, 8.25], "texture": "#0"},
				"up": {"uv": [5, 7, 4, 6.5], "texture": "#0"},
				"down": {"uv": [6, 6.5, 5, 7], "texture": "#0"}
			}
		},
		{
			"from": [10, -1.15432, 8.47417],
			"to": [11, 3.84568, 10.47417],
			"rotation": {"angle": 22.5, "axis": "z", "origin": [8, 4, 9]},
			"faces": {
				"north": {"uv": [8.75, 2.25, 9, 3.5], "texture": "#0"},
				"east": {"uv": [8.25, 2.25, 8.75, 3.5], "texture": "#0"},
				"south": {"uv": [9.5, 2.25, 9.75, 3.5], "texture": "#0"},
				"west": {"uv": [9, 2.25, 9.5, 3.5], "texture": "#0"},
				"up": {"uv": [9, 2.25, 8.75, 1.75], "texture": "#0"},
				"down": {"uv": [9.25, 1.75, 9, 2.25], "texture": "#0"}
			}
		},
		{
			"from": [9.86317, -1.53202, 8.37094],
			"to": [10.9664, 3.98414, 10.5774],
			"rotation": {"angle": 22.5, "axis": "z", "origin": [7.65671, 4.15439, 9.00267]},
			"faces": {
				"north": {"uv": [2, 8.25, 2.25, 9.5], "texture": "#0"},
				"east": {"uv": [1.5, 8.25, 2, 9.5], "texture": "#0"},
				"south": {"uv": [2.75, 8.25, 3, 9.5], "texture": "#0"},
				"west": {"uv": [2.25, 8.25, 2.75, 9.5], "texture": "#0"},
				"up": {"uv": [2.25, 8.25, 2, 7.75], "texture": "#0"},
				"down": {"uv": [2.5, 7.75, 2.25, 8.25], "texture": "#0"}
			}
		},
		{
			"from": [5, -1.15432, 8.47417],
			"to": [6, 3.84568, 10.47417],
			"rotation": {"angle": -22.5, "axis": "z", "origin": [8, 4, 9]},
			"faces": {
				"north": {"uv": [0.5, 8.25, 0.75, 9.5], "texture": "#0"},
				"east": {"uv": [0, 8.25, 0.5, 9.5], "texture": "#0"},
				"south": {"uv": [1.25, 8.25, 1.5, 9.5], "texture": "#0"},
				"west": {"uv": [0.75, 8.25, 1.25, 9.5], "texture": "#0"},
				"up": {"uv": [0.75, 8.25, 0.5, 7.75], "texture": "#0"},
				"down": {"uv": [1, 7.75, 0.75, 8.25], "texture": "#0"}
			}
		},
		{
			"from": [5.0336, -1.53202, 8.37094],
			"to": [6.13683, 3.98414, 10.5774],
			"rotation": {"angle": -22.5, "axis": "z", "origin": [8.34329, 4.15439, 9.00267]},
			"faces": {
				"north": {"uv": [7.5, 4, 7.75, 5.25], "texture": "#0"},
				"east": {"uv": [7, 4, 7.5, 5.25], "texture": "#0"},
				"south": {"uv": [8.25, 4, 8.5, 5.25], "texture": "#0"},
				"west": {"uv": [7.75, 4, 8.25, 5.25], "texture": "#0"},
				"up": {"uv": [7.75, 4, 7.5, 3.5], "texture": "#0"},
				"down": {"uv": [8, 3.5, 7.75, 4], "texture": "#0"}
			}
		},
		{
			"from": [6.25, -0.25, 2.75],
			"to": [8.25, 1.75, 7.75],
			"rotation": {"angle": 22.5, "axis": "y", "origin": [7, -0.25, 7.75]},
			"faces": {
				"north": {"uv": [1.25, 7.25, 1.75, 7.75], "texture": "#0"},
				"east": {"uv": [0, 7.25, 1.25, 7.75], "texture": "#0"},
				"south": {"uv": [3, 7.25, 3.5, 7.75], "texture": "#0"},
				"west": {"uv": [1.75, 7.25, 3, 7.75], "texture": "#0"},
				"up": {"uv": [1.75, 7.25, 1.25, 6], "texture": "#0"},
				"down": {"uv": [2.25, 6, 1.75, 7.25], "texture": "#0"}
			}
		},
		{
			"from": [6.2475, -0.35323, 2.48215],
			"to": [8.45396, 1.85323, 7.99831],
			"rotation": {"angle": 22.5, "axis": "y", "origin": [7.07492, -0.35323, 7.99831]},
			"faces": {
				"north": {"uv": [6, 6, 6.5, 6.5], "texture": "#0"},
				"east": {"uv": [4.75, 6, 6, 6.5], "texture": "#0"},
				"south": {"uv": [7.75, 6, 8.25, 6.5], "texture": "#0"},
				"west": {"uv": [6.5, 6, 7.75, 6.5], "texture": "#0"},
				"up": {"uv": [6.5, 6, 6, 4.75], "texture": "#0"},
				"down": {"uv": [7, 4.75, 6.5, 6], "texture": "#0"}
			}
		},
		{
			"from": [7.75, -0.25, 2.75],
			"to": [9.75, 1.75, 7.75],
			"rotation": {"angle": -22.5, "axis": "y", "origin": [9, -0.25, 7.75]},
			"faces": {
				"north": {"uv": [6, 3, 6.5, 3.5], "texture": "#0"},
				"east": {"uv": [4.75, 3, 6, 3.5], "texture": "#0"},
				"south": {"uv": [7.75, 3, 8.25, 3.5], "texture": "#0"},
				"west": {"uv": [6.5, 3, 7.75, 3.5], "texture": "#0"},
				"up": {"uv": [6.5, 3, 6, 1.75], "texture": "#0"},
				"down": {"uv": [7, 1.75, 6.5, 3], "texture": "#0"}
			}
		},
		{
			"from": [7.54604, -0.35323, 2.48215],
			"to": [9.7525, 1.85323, 7.99831],
			"rotation": {"angle": -22.5, "axis": "y", "origin": [8.92508, -0.35323, 7.99831]},
			"faces": {
				"north": {"uv": [7.25, 1.25, 7.75, 1.75], "texture": "#0"},
				"east": {"uv": [6, 1.25, 7.25, 1.75], "texture": "#0"},
				"south": {"uv": [9, 1.25, 9.5, 1.75], "texture": "#0"},
				"west": {"uv": [7.75, 1.25, 9, 1.75], "texture": "#0"},
				"up": {"uv": [7.75, 1.25, 7.25, 0], "texture": "#0"},
				"down": {"uv": [8.25, 0, 7.75, 1.25], "texture": "#0"}
			}
		}
	],
	"display": {
		"thirdperson_righthand": {
			"rotation": [6, 0, 0],
			"translation": [0, 2, -1.75],
			"scale": [0.75, 0.75, 0.75]
		},
		"thirdperson_lefthand": {
			"rotation": [6, 0, 0],
			"translation": [0, 2, -1.75],
			"scale": [0.75, 0.75, 0.75]
		},
		"firstperson_righthand": {
			"rotation": [-180, 60, -180],
			"translation": [13.75, 2, -14.25]
		},
		"firstperson_lefthand": {
			"rotation": [-180, 60, -180],
			"translation": [13.75, 2, -14.25]
		},
		"ground": {
			"translation": [0, 3, 0],
			"scale": [0.5, 0.5, 0.5]
		},
		"gui": {
			"rotation": [30, 225, 0],
			"scale": [0.625, 0.625, 0.625]
		},
		"head": {
			"translation": [0, 14.5, 0]
		},
		"fixed": {
			"rotation": [-90, 0, 0],
			"translation": [0, 0, -16],
			"scale": [2, 2, 2]
		}
	}
}