{
  "parent": "minecraft:item/generated",
  "textures": {
    "layer0": "minecraft:item/redstone"
  },
   "overrides":
   [
		{"predicate":{"custom_model_data":1},"model":"vsmp:item/1"},
		{"predicate":{"custom_model_data":2},"model":"vsmp:item/2"},
		{"predicate":{"custom_model_data":3},"model":"vsmp:item/3"},
		{"predicate":{"custom_model_data":4},"model":"vsmp:item/4"},
		{"predicate":{"custom_model_data":5},"model":"vsmp:item/5"},
		{"predicate":{"custom_model_data":6},"model":"vsmp:item/6"},
		{"predicate":{"custom_model_data":7},"model":"vsmp:item/7"},
		{"predicate":{"custom_model_data":8},"model":"vsmp:item/8"},
		{"predicate":{"custom_model_data":9},"model":"vsmp:item/9"}
   ]
}